{
	"settings": {
		"color": {
			"palette": [
				{
					"color": "#efeeff",
					"name": "Primary",
					"slug": "primary"
				},
				{
					"color": "#9492ba",
					"name": "Secondary",
					"slug": "secondary"
				},
				{
					"color": "#efeeff",
					"name": "Foreground",
					"slug": "foreground"
				},
				{
					"color": "#292743",
					"name": "Background",
					"slug": "background"
				},
				{
					"color": "#3b385b",
					"name": "Tertiary",
					"slug": "tertiary"
				},
				{
					"color": "#272542",
					"name": "Cover Overlay",
					"slug": "custom-cover-overlay"
				}
			]
		}
	},
	"styles": {
		"blocks": {
			"core/button": {
				"typography": {
					"letterSpacing": "0.88px"
				}
			},
			"core/heading": {
				"typography": {
					"fontFamily": "var(--wp--preset--font-family--playfair-display)"
				}
			},
			"core/list": {
				"typography": {
					"letterSpacing": "0.88px"
				}
			},
			"core/navigation": {
				"typography": {
					"letterSpacing": "0.88px"
				}
			},
			"core/paragraph": {
				"typography": {
					"fontSize": "1.1rem",
					"letterSpacing": "0.88px"
				}
			},
			"core/post-content": {
				"typography": {
					"letterSpacing": "0.88px"
				}
			},
			"core/site-title": {
				"typography": {
					"letterSpacing": "4.8px",
					"textTransform": "uppercase"
				}
			},
			"core/table": {
				"typography": {
					"letterSpacing": "0.88px"
				}
			},
			"core/verse": {
				"typography": {
					"letterSpacing": "0.88px"
				}
			}
		},
		"elements": {
			"button": {
				"color": {
					"background": "var(--wp--preset--color--primary)"
				}
			}
		},
		"typography": {
			"fontFamily": "var(--wp--preset--font-family--figtree)"
		}
	},
	"title": "Variation 3",
	"version": 2,
	"$schema": "https://schemas.wp.org/trunk/theme.json"
}